initial_label_from_sequencer	ena_format_label

OSD-Extr-Blank-2019	ERR0000001
OSD-PCR-Blank-2019	ERR0000002
OSD099-2019	ERR0000003
OSD100-2019	ERR0000004
OSD122-2019	ERR0000005
OSD14-2019	ERR0000006
OSD152-2019	ERR0000007
OSD153-2019	ERR0000008
OSD159-2019	ERR0000009
OSD17-2019	ERR0000010
OSD170-2019	ERR0000011
OSD171-2019	ERR0000012
OSD172-2019	ERR0000013
OSD173-2019	ERR0000014
OSD174-2019	ERR0000015
OSD175-2019	ERR0000016
OSD176-2019	ERR0000017
OSD177-2019	ERR0000018
OSD18-2019	ERR0000019
OSD2-2019	ERR0000020
OSD210-2019	ERR0000021
OSD211-2019	ERR0000022
OSD219-2019	ERR0000023
OSD22-2019	ERR0000024
OSD223-2019	ERR0000025
OSD224-2019	ERR0000026
OSD227-2019	ERR0000027
OSD232-2019	ERR0000028
OSD237-2019	ERR0000029
OSD238-2019	ERR0000030
OSD24-2019	ERR0000031
OSD26-2019	ERR0000032
OSD39-2019	ERR0000033
OSD4-2019	ERR0000034
OSD43-2019	ERR0000035
OSD47-2019	ERR0000036
OSD48-2019	ERR0000037
OSD49-2019	ERR0000038
OSD54-2019	ERR0000039
OSD55-2019	ERR0000040
OSD60-2019	ERR0000041
OSD63-2019	ERR0000042
OSD69-2019	ERR0000043
OSD70-2019	ERR0000044
OSD76-2019	ERR0000045
OSD77-2019	ERR0000046
OSD78-2019	ERR0000047
OSD81-2019	ERR0000048
OSD91-2019	ERR0000049
OSD92-2019	ERR0000050
